<application>
  <component name="FileTypeManager" version="17">
    <extensionMap>
      <mapping pattern=".ideavimrc" type="PLAIN_TEXT" />
      <mapping pattern="README" type="PLAIN_TEXT" />
      <mapping pattern="MakeFile" type="PLAIN_TEXT" />
      <mapping pattern="BUILD" type="PLAIN_TEXT" />
      <mapping ext="out" type="PLAIN_TEXT" />
      <mapping ext="test" type="PLAIN_TEXT" />
      <mapping ext="control" type="PLAIN_TEXT" />
      <removed_mapping ext="bat" approved="true" type="PLAIN_TEXT" />
      <removed_mapping ext="log" approved="true" type="PLAIN_TEXT" />
      <removed_mapping ext="cmd" approved="true" type="PLAIN_TEXT" />
      <removed_mapping ext="bat" approved="true" type="PLAIN_TEXT" />
      <removed_mapping ext="log" approved="true" type="PLAIN_TEXT" />
      <removed_mapping ext="dockerfile" approved="true" type="textmate" />
      <removed_mapping ext="makefile" approved="true" type="textmate" />
      <removed_mapping ext="cmd" approved="true" type="PLAIN_TEXT" />
      <removed_mapping ext="pl" approved="true" type="textmate" />
      <removed_mapping ext="snakefile" approved="true" type="textmate" />
    </extensionMap>
  </component>
</application>