<keymap version="1" name="Default for macOS copy" parent="Mac OS X 10.5+">
  <action id="ActivateFileTransferToolWindow">
    <keyboard-shortcut first-keystroke="meta 5" />
  </action>
  <action id="ActivateTerminalToolWindow">
    <keyboard-shortcut first-keystroke="meta j" />
  </action>
  <action id="CIDR.Lang.Cpp.GenerateDefinitions" />
  <action id="CloseProject">
    <keyboard-shortcut first-keystroke="shift meta d" />
  </action>
  <action id="Console.TableResult.CompareCells" />
  <action id="Diff.ShowSettingsPopup" />
  <action id="EditorToggleCase" />
  <action id="FindPrevious" />
  <action id="FindUsages">
    <keyboard-shortcut first-keystroke="ctrl close_bracket" />
  </action>
  <action id="Git.Branches">
    <keyboard-shortcut first-keystroke="shift meta g" />
  </action>
  <action id="Git.CompareWithBranch">
    <keyboard-shortcut first-keystroke="ctrl alt c" />
  </action>
  <action id="GotoFile" />
  <action id="GotoTypeDeclaration">
    <keyboard-shortcut first-keystroke="shift ctrl b" />
    <mouse-shortcut keystroke="shift meta button1" />
  </action>
  <action id="HighlightUsagesInFile">
    <keyboard-shortcut first-keystroke="shift meta b" />
  </action>
  <action id="InsertLiveTemplate" />
  <action id="ManageRecentProjects">
    <keyboard-shortcut first-keystroke="shift meta o" />
  </action>
  <action id="MethodHierarchy">
    <keyboard-shortcut first-keystroke="ctrl alt t" />
  </action>
  <action id="ShelveChanges.UnshelveWithDialog" />
  <action id="ShowUmlDiagram">
    <keyboard-shortcut first-keystroke="shift meta u" />
  </action>
  <action id="SplitHorizontally">
    <keyboard-shortcut first-keystroke="shift meta minus" />
  </action>
  <action id="SplitVertically">
    <keyboard-shortcut first-keystroke="shift meta back_slash" />
  </action>
  <action id="Uml.ShowDiff" />
  <action id="Vcs.UpdateProject" />
  <action id="tasks.switch" />
</keymap>